Group,Count,Mean_Events,Median_Events,Std_Events,Min_Events,Max_Events
All Contributors,6530,297.8098009188361,36.0,973.3117118539326,1,20726
OSS,4667,184.09513606170987,6.0,761.819981953394,1,20726
OSS4SG,1863,582.6763285024155,178.0,1324.3201838767118,2,17945
