Group,Count,Mean_Events,Median_Events,Std_Events,Min_Events,Max_Events
All-Original,6530,297.8098009188361,36.0,973.3117118539326,1,20726
OSS-Original,4667,184.09513606170987,6.0,761.819981953394,1,20726
OSS4SG-Original,1863,582.6763285024155,178.0,1324.3201838767118,2,17945
All-Cleaned,5733,83.02267573696145,17.0,121.73740447216444,1,524
OSS-Cleaned,4026,35.944610034773966,4.0,62.13453775575369,1,274
OSS4SG-Cleaned,1639,244.08358755338622,141.0,261.8200287241025,2,1171
